<?xml version="1.0" encoding="UTF-8"?>
<lint>
    <issue id="AllowBackup" severity="ignore" />
    <issue id="ContentDescription" severity="ignore" />
    <issue id="HandlerLeak" severity="ignore">
        <ignore path="src\net\iaround\android\ui\StartActivity.java" />
    </issue>
    <issue id="HardcodedText" severity="ignore" />
    <issue id="InefficientWeight" severity="ignore" />
    <issue id="OldTargetApi" severity="ignore" />
    <issue id="Recycle" severity="ignore" />
    <issue id="SelectableText" severity="ignore" />
    <issue id="SetJavaScriptEnabled" severity="ignore" />
    <issue id="SmallSp" severity="ignore" />
    <issue id="TooManyViews" severity="ignore" />
    <issue id="UseCompoundDrawables" severity="ignore" />
    <issue id="UselessLeaf" severity="ignore" />
    <issue id="ValidFragment" severity="ignore" />
</lint>